{
  "Workflows": [
    {
      "Path": null,
      "SortBy": 0,
      "VariablesSectionElementsOrder": [],
      "ArgumentsSectionElementsOrder": null,
      "ConstantsSectionElementsOrder": [],
      "AddedNamespaces": null
    },
    {
      "Path": "PAD_ImportFlows.xaml",
      "SortBy": 0,
      "VariablesSectionElementsOrder": [
        "PADWindowSelector&Sequence_7",
        "BackupPath&Sequence_7",
        "FlowName&Sequence_7",
        "FolderInfo&Sequence_7",
        "PADOpen&Sequence_7",
        "ListOfFlowNames&Sequence_7",
        "Choice&Sequence_32",
        "result&Sequence_25",
        "SubflowDataFile&Sequence_61",
        "result&Sequence_28",
        "SubflowDataFile&Sequence_56"
      ],
      "ArgumentsSectionElementsOrder": [],
      "ConstantsSectionElementsOrder": [],
      "AddedNamespaces": null
    },
    {
      "Path": "PAD Actions/PAD_CreateSubflowFromDataFile.xaml",
      "SortBy": 0,
      "VariablesSectionElementsOrder": [
        "SubflowCreated&Sequence_2"
      ],
      "ArgumentsSectionElementsOrder": [
        "FlowName",
        "SubflowName",
        "SubflowDataFile",
        "PADWindowSelector"
      ],
      "ConstantsSectionElementsOrder": [],
      "AddedNamespaces": null
    },
    {
      "Path": "PAD Actions/PAD_CloseWorkflow.xaml",
      "SortBy": 0,
      "VariablesSectionElementsOrder": [],
      "ArgumentsSectionElementsOrder": [
        "PADWindowSelector",
        "FlowName"
      ],
      "ConstantsSectionElementsOrder": [],
      "AddedNamespaces": null
    },
    {
      "Path": "PAD Actions/PAD_CreateNewFlow.xaml",
      "SortBy": 0,
      "VariablesSectionElementsOrder": [],
      "ArgumentsSectionElementsOrder": [
        "PADWindowSelector",
        "FlowName"
      ],
      "ConstantsSectionElementsOrder": [],
      "AddedNamespaces": null
    }
  ]
}