{"ProjectBreakpoints":"{\"Value\":{\"PAD Actions/PAD_CreateSubflowFromDataFile.xaml\":[{\"ConditionalExpression\":null,\"ActionExpression\":null,\"ExpectedHitCounter\":null,\"ShouldContinueAfterAction\":false,\"BreakpointType\":1,\"LocationIdentifier\":\"Log Message\",\"IsEnabled\":false,\"Annotation\":null,\"Id\":\"b3b640ab-6a13-4a2d-b29a-a64964c85128\",\"ActivityIdRef\":\"LogMessage_1\",\"ActivityId\":\"1.167\",\"ActivityName\":\"Log Message\",\"IsTransient\":false},{\"ConditionalExpression\":null,\"ActionExpression\":null,\"ExpectedHitCounter\":null,\"ShouldContinueAfterAction\":false,\"BreakpointType\":1,\"LocationIdentifier\":\"Log Message\",\"IsEnabled\":false,\"Annotation\":null,\"Id\":\"65fb57c2-cac0-4fc3-a576-c7ec4afd34fc\",\"ActivityIdRef\":\"LogMessage_7\",\"ActivityId\":\"1.152\",\"ActivityName\":\"Log Message\",\"IsTransient\":false},{\"ConditionalExpression\":null,\"ActionExpression\":null,\"ExpectedHitCounter\":null,\"ShouldContinueAfterAction\":false,\"BreakpointType\":1,\"LocationIdentifier\":\"Set To Clipboard\",\"IsEnabled\":false,\"Annotation\":null,\"Id\":\"66b01b6c-7c69-4dbe-b592-c2ed6441baf3\",\"ActivityIdRef\":\"SetToClipboard_4\",\"ActivityId\":\"1.143\",\"ActivityName\":\"Set To Clipboard\",\"IsTransient\":false},{\"ConditionalExpression\":null,\"ActionExpression\":null,\"ExpectedHitCounter\":null,\"ShouldContinueAfterAction\":false,\"BreakpointType\":1,\"LocationIdentifier\":\"Keyboard Shortcuts Ctrl+V\",\"IsEnabled\":false,\"Annotation\":null,\"Id\":\"285a9a22-9447-4704-a26d-f70f24f6afc9\",\"ActivityIdRef\":\"NKeyboardShortcuts_1\",\"ActivityId\":\"1.79\",\"ActivityName\":\"Keyboard Shortcuts Ctrl+V\",\"IsTransient\":false},{\"ConditionalExpression\":null,\"ActionExpression\":null,\"ExpectedHitCounter\":null,\"ShouldContinueAfterAction\":false,\"BreakpointType\":1,\"LocationIdentifier\":\"If\",\"IsEnabled\":false,\"Annotation\":null,\"Id\":\"50187a23-c548-4d5e-9072-33d28c5c3ba6\",\"ActivityIdRef\":\"If_3\",\"ActivityId\":\"1.70\",\"ActivityName\":\"If\",\"IsTransient\":false},{\"ConditionalExpression\":null,\"ActionExpression\":null,\"ExpectedHitCounter\":null,\"ShouldContinueAfterAction\":false,\"BreakpointType\":1,\"LocationIdentifier\":\"Check App State New tab created\",\"IsEnabled\":false,\"Annotation\":null,\"Id\":\"c30e57fd-a967-4417-b47f-220073831b89\",\"ActivityIdRef\":\"NCheckState_1\",\"ActivityId\":\"1.30\",\"ActivityName\":\"Check App State New tab created\",\"IsTransient\":false},{\"ConditionalExpression\":null,\"ActionExpression\":null,\"ExpectedHitCounter\":null,\"ShouldContinueAfterAction\":false,\"BreakpointType\":1,\"LocationIdentifier\":\"Log Message\",\"IsEnabled\":false,\"Annotation\":null,\"Id\":\"0d49aac0-269d-47cc-8b49-4afcb154ac32\",\"ActivityIdRef\":\"LogMessage_2\",\"ActivityId\":\"1.2\",\"ActivityName\":\"Log Message\",\"IsTransient\":false}],\"PAD_ImportFlows.xaml\":[{\"ConditionalExpression\":null,\"ActionExpression\":null,\"ExpectedHitCounter\":null,\"ShouldContinueAfterAction\":false,\"BreakpointType\":1,\"LocationIdentifier\":\"PAD_CreateSubflowFromDataFile - Invoke Workflow File (PAD Actions\\\\PAD_CreateSubflowFromDataFile.xaml)\",\"IsEnabled\":false,\"Annotation\":null,\"Id\":\"f53d841f-9ebc-4e22-ac72-7ecb0949dbd5\",\"ActivityIdRef\":\"InvokeWorkflowFile_30\",\"ActivityId\":\"1.520\",\"ActivityName\":\"PAD_CreateSubflowFromDataFile - Invoke Workflow File (PAD Actions\\\\PAD_CreateSubflowFromDataFile.xaml)\",\"IsTransient\":false},{\"ConditionalExpression\":null,\"ActionExpression\":null,\"ExpectedHitCounter\":null,\"ShouldContinueAfterAction\":false,\"BreakpointType\":1,\"LocationIdentifier\":\"Do\",\"IsEnabled\":false,\"Annotation\":null,\"Id\":\"97c4cc9c-0664-47ce-abb2-1df67fb4da98\",\"ActivityIdRef\":\"Sequence_61\",\"ActivityId\":\"1.517\",\"ActivityName\":\"Do\",\"IsTransient\":false},{\"ConditionalExpression\":null,\"ActionExpression\":null,\"ExpectedHitCounter\":null,\"ShouldContinueAfterAction\":false,\"BreakpointType\":1,\"LocationIdentifier\":\"For Each File in Folder, create a subflow\",\"IsEnabled\":false,\"Annotation\":null,\"Id\":\"55e96c93-6aa0-4cb4-9fc3-e08bdb17e827\",\"ActivityIdRef\":\"ForEachFileX_7\",\"ActivityId\":\"1.516\",\"ActivityName\":\"For Each File in Folder, create a subflow\",\"IsTransient\":false},{\"ConditionalExpression\":null,\"ActionExpression\":null,\"ExpectedHitCounter\":null,\"ShouldContinueAfterAction\":false,\"BreakpointType\":1,\"LocationIdentifier\":\"Then\",\"IsEnabled\":false,\"Annotation\":null,\"Id\":\"6d3e7007-395c-458e-be81-422dcdb43c5f\",\"ActivityIdRef\":\"Sequence_64\",\"ActivityId\":\"1.495\",\"ActivityName\":\"Then\",\"IsTransient\":false},{\"ConditionalExpression\":null,\"ActionExpression\":null,\"ExpectedHitCounter\":null,\"ShouldContinueAfterAction\":false,\"BreakpointType\":1,\"LocationIdentifier\":\"If no flows present in My flows\",\"IsEnabled\":false,\"Annotation\":null,\"Id\":\"e261784b-6fe8-4f10-8ea2-5332c6a7e0b8\",\"ActivityIdRef\":\"If_7\",\"ActivityId\":\"1.463\",\"ActivityName\":\"If no flows present in My flows\",\"IsTransient\":false},{\"ConditionalExpression\":null,\"ActionExpression\":null,\"ExpectedHitCounter\":null,\"ShouldContinueAfterAction\":false,\"BreakpointType\":1,\"LocationIdentifier\":\"PAD_CreateNewFlow - Invoke Workflow File (PAD Actions\\\\PAD_CreateNewFlow.xaml)\",\"IsEnabled\":false,\"Annotation\":null,\"Id\":\"92a48869-f111-4f19-9cd6-5b68280d05fd\",\"ActivityIdRef\":\"InvokeWorkflowFile_25\",\"ActivityId\":\"1.253\",\"ActivityName\":\"PAD_CreateNewFlow - Invoke Workflow File (PAD Actions\\\\PAD_CreateNewFlow.xaml)\",\"IsTransient\":false},{\"ConditionalExpression\":null,\"ActionExpression\":null,\"ExpectedHitCounter\":null,\"ShouldContinueAfterAction\":false,\"BreakpointType\":1,\"LocationIdentifier\":\"Assign\",\"IsEnabled\":false,\"Annotation\":null,\"Id\":\"7b93b9ba-3a11-46cc-9bc9-16f6d535271a\",\"ActivityIdRef\":\"Assign_17\",\"ActivityId\":\"1.167\",\"ActivityName\":\"Assign\",\"IsTransient\":false},{\"ConditionalExpression\":null,\"ActionExpression\":null,\"ExpectedHitCounter\":null,\"ShouldContinueAfterAction\":false,\"BreakpointType\":1,\"LocationIdentifier\":\"If\",\"IsEnabled\":false,\"Annotation\":null,\"Id\":\"37584eaf-f5ad-440c-9a65-c0eb774ccc0c\",\"ActivityIdRef\":\"If_6\",\"ActivityId\":\"1.41\",\"ActivityName\":\"If\",\"IsTransient\":false},{\"ConditionalExpression\":null,\"ActionExpression\":null,\"ExpectedHitCounter\":null,\"ShouldContinueAfterAction\":false,\"BreakpointType\":1,\"LocationIdentifier\":\"If PAD is open\",\"IsEnabled\":false,\"Annotation\":null,\"Id\":\"50fdb0fb-f0c2-4a65-8e3c-d25d067a96e1\",\"ActivityIdRef\":\"If_3\",\"ActivityId\":\"1.10\",\"ActivityName\":\"If PAD is open\",\"IsTransient\":false}]},\"CodeBreakpoints\":{}}","Compiler":"2","ProjectWatches":"{\"Value\":[]}","OpenedDocuments":"[{\"DocumentPath\":\"PAD_ImportFlows.xaml\",\"FactoryId\":\"{ACB8E7BA-F093-44C1-9B50-33ECA51AAE16}\"}]","ProjectActivitiesViewState":"{\"PAD_ImportFlows.xaml\":[{\"ActivityIdRef\":\"LogMessage_2\",\"IsAdvancedOptionsExpanded\":false,\"Widgets\":{}},{\"ActivityIdRef\":\"InterruptibleDoWhile_1\",\"IsAdvancedOptionsExpanded\":false,\"Categories\":{\"\":true},\"Widgets\":{\"Body\":{\"ShowExpanded\":true}}},{\"ActivityIdRef\":\"LogMessage_13\",\"IsAdvancedOptionsExpanded\":false,\"Widgets\":{}},{\"ActivityIdRef\":\"If_3\",\"IsAdvancedOptionsExpanded\":false,\"Widgets\":{\"Then\":{\"ShowExpanded\":true},\"Else\":{\"ShowExpanded\":true}}},{\"ActivityIdRef\":\"If_1\",\"IsAdvancedOptionsExpanded\":false,\"Widgets\":{\"Then\":{\"ShowExpanded\":true},\"Else\":{\"ShowExpanded\":true}}},{\"ActivityIdRef\":\"LogMessage_14\",\"IsAdvancedOptionsExpanded\":false,\"Widgets\":{}},{\"ActivityIdRef\":\"LogMessage_15\",\"IsAdvancedOptionsExpanded\":false,\"Widgets\":{}},{\"ActivityIdRef\":\"Break_1\",\"IsAdvancedOptionsExpanded\":false,\"Widgets\":{}},{\"ActivityIdRef\":\"If_2\",\"IsAdvancedOptionsExpanded\":false,\"Widgets\":{\"Then\":{\"ShowExpanded\":true},\"Else\":{\"ShowExpanded\":true}}},{\"ActivityIdRef\":\"LogMessage_16\",\"IsAdvancedOptionsExpanded\":false,\"Widgets\":{}},{\"ActivityIdRef\":\"LogMessage_17\",\"IsAdvancedOptionsExpanded\":false,\"Widgets\":{}},{\"ActivityIdRef\":\"Break_2\",\"IsAdvancedOptionsExpanded\":false,\"Widgets\":{}},{\"ActivityIdRef\":\"LogMessage_7\",\"IsAdvancedOptionsExpanded\":false,\"Widgets\":{}},{\"ActivityIdRef\":\"LogMessage_32\",\"IsAdvancedOptionsExpanded\":false,\"Widgets\":{}},{\"ActivityIdRef\":\"If_7\",\"IsAdvancedOptionsExpanded\":false,\"Widgets\":{\"Then\":{\"ShowExpanded\":true},\"Else\":{\"ShowExpanded\":true}}},{\"ActivityIdRef\":\"InvokeWorkflowFile_28\",\"IsAdvancedOptionsExpanded\":false,\"Categories\":{\"Common\":true,\"Options\":true,\"Log\":true},\"Widgets\":{}},{\"ActivityIdRef\":\"Delay_1\",\"IsAdvancedOptionsExpanded\":false,\"Widgets\":{}},{\"ActivityIdRef\":\"LogMessage_28\",\"IsAdvancedOptionsExpanded\":false,\"Widgets\":{}},{\"ActivityIdRef\":\"InvokeWorkflowFile_30\",\"IsAdvancedOptionsExpanded\":false,\"Categories\":{\"Common\":true,\"Options\":true,\"Log\":true},\"Widgets\":{}},{\"ActivityIdRef\":\"Delay_2\",\"IsAdvancedOptionsExpanded\":false,\"Widgets\":{}},{\"ActivityIdRef\":\"InvokeWorkflowFile_29\",\"IsAdvancedOptionsExpanded\":false,\"Categories\":{\"Common\":true,\"Options\":true,\"Log\":true},\"Widgets\":{}},{\"ActivityIdRef\":\"LogMessage_29\",\"IsAdvancedOptionsExpanded\":false,\"Widgets\":{}},{\"ActivityIdRef\":\"LogMessage_8\",\"IsAdvancedOptionsExpanded\":false,\"Widgets\":{}}]}","ProjectSettings":"{\"IncludeSourcesByDefault\":true,\"RemoveUnusedDependencies\":false}"}